Date,Open,High,Low,Close,Adj Close,Volume
2022-06-07,16469.599609,16487.250000,16347.099609,16416.349609,16416.349609,233800
2022-06-08,16474.949219,16514.300781,16293.349609,16356.250000,16356.250000,243500
2022-06-09,16263.849609,16492.800781,16243.849609,16478.099609,16478.099609,205000
2022-06-10,16283.950195,16324.700195,16172.599609,16201.799805,16201.799805,189700
2022-06-13,15877.549805,15886.150391,15684.000000,15774.400391,15774.400391,225500
2022-06-14,15674.250000,15858.000000,15659.450195,15732.099609,15732.099609,225400
2022-06-15,15729.250000,15783.650391,15678.900391,15692.150391,15692.150391,183000
2022-06-16,15832.250000,15863.150391,15335.099609,15360.599609,15360.599609,264700
2022-06-17,15272.650391,15400.400391,15183.400391,15293.500000,15293.500000,342600
2022-06-20,15334.500000,15382.500000,15191.099609,15350.150391,15350.150391,260000
2022-06-21,15455.950195,15707.250000,15419.849609,15638.799805,15638.799805,262800
2022-06-22,15545.650391,15565.400391,15385.950195,15413.299805,15413.299805,220900
2022-06-23,15451.549805,15628.450195,15367.500000,15556.650391,15556.650391,259200
2022-06-24,15657.400391,15749.250000,15619.450195,15699.250000,15699.250000,219600
2022-06-27,15926.200195,15927.450195,15815.500000,15832.049805,15832.049805,210900
2022-06-28,15757.450195,15892.099609,15710.150391,15850.200195,15850.200195,251900
2022-06-29,15701.700195,15861.599609,15687.799805,15799.099609,15799.099609,444900
2022-06-30,15774.500000,15890.000000,15728.849609,15780.250000,15780.250000,306000
2022-07-01,15703.700195,15793.950195,15511.049805,15752.049805,15752.049805,364100
2022-07-04,15710.500000,15852.349609,15661.799805,15835.349609,15835.349609,304300
2022-07-05,15909.150391,16025.750000,15785.450195,15810.849609,15810.849609,254200
2022-07-06,15818.200195,16011.349609,15800.900391,15989.799805,15989.799805,288400
2022-07-07,16113.750000,16150.500000,16045.950195,16132.900391,16132.900391,264600
2022-07-08,16273.650391,16275.500000,16157.900391,16220.599609,16220.599609,281100
2022-07-11,16136.150391,16248.549805,16115.500000,16216.000000,16216.000000,255900
2022-07-12,16126.200195,16158.750000,16031.150391,16058.299805,16058.299805,208600
2022-07-13,16128.200195,16140.000000,15950.150391,15966.650391,15966.650391,233300
2022-07-14,16018.849609,16070.849609,15858.200195,15938.650391,15938.650391,228600
2022-07-15,16010.799805,16066.950195,15927.299805,16049.200195,16049.200195,205800
2022-07-18,16151.400391,16287.950195,16142.200195,16278.500000,16278.500000,227700
2022-07-19,16187.049805,16359.500000,16187.049805,16340.549805,16340.549805,222600
2022-07-20,16562.800781,16588.000000,16490.949219,16520.849609,16520.849609,284400
2022-07-21,16523.550781,16626.949219,16483.900391,16605.250000,16605.250000,243600
2022-07-22,16661.250000,16752.250000,16610.900391,16719.449219,16719.449219,190900
2022-07-25,16662.550781,16706.050781,16564.250000,16631.000000,16631.000000,211400
2022-07-26,16632.900391,16636.099609,16463.300781,16483.849609,16483.849609,208200
2022-07-27,16475.349609,16653.449219,16438.750000,16641.800781,16641.800781,185200
2022-07-28,16774.849609,16947.650391,16746.250000,16929.599609,16929.599609,376300
2022-07-29,17079.500000,17172.800781,17018.150391,17158.250000,17158.250000,436100
2022-08-01,17243.199219,17356.250000,17154.800781,17340.050781,17340.050781,381500
2022-08-02,17310.150391,17390.150391,17215.849609,17345.449219,17345.449219,333600
2022-08-03,17349.250000,17407.500000,17225.849609,17388.150391,17388.150391,285400
2022-08-04,17463.099609,17490.699219,17161.250000,17382.000000,17382.000000,325000
2022-08-05,17423.650391,17474.400391,17348.750000,17397.500000,17397.500000,355300
2022-08-08,17401.500000,17548.800781,17359.750000,17525.099609,17525.099609,257000
2022-08-10,17566.099609,17566.099609,17442.800781,17534.750000,17534.750000,312700
2022-08-11,17711.650391,17719.300781,17631.949219,17659.000000,17659.000000,311200
2022-08-12,17659.650391,17724.650391,17597.849609,17698.150391,17698.150391,303900
2022-08-16,17797.199219,17839.099609,17764.050781,17825.250000,17825.250000,0
2022-08-17,17868.150391,17965.949219,17833.349609,17944.250000,17944.250000,262800
2022-08-18,17898.650391,17968.449219,17852.050781,17956.500000,17956.500000,263900
2022-08-19,17966.550781,17992.199219,17710.750000,17758.449219,17758.449219,295600
2022-08-22,17682.900391,17690.050781,17467.349609,17490.699219,17490.699219,287600
2022-08-23,17357.349609,17625.550781,17345.199219,17577.500000,17577.500000,285600
2022-08-24,17525.449219,17623.650391,17499.250000,17604.949219,17604.949219,262000
2022-08-25,17679.000000,17726.500000,17487.449219,17522.449219,17522.449219,230200
2022-08-26,17619.300781,17685.849609,17519.349609,17558.900391,17558.900391,266600
2022-08-29,17188.650391,17380.150391,17166.199219,17312.900391,17312.900391,244900
2022-08-30,17414.949219,17777.650391,17401.500000,17759.300781,17759.300781,324700
2022-09-01,17485.699219,17695.599609,17468.449219,17542.800781,17542.800781,308500
2022-09-02,17598.400391,17643.849609,17476.449219,17539.449219,17539.449219,256300
2022-09-05,17546.449219,17683.150391,17540.349609,17665.800781,17665.800781,230300
2022-09-06,17695.699219,17764.650391,17587.650391,17655.599609,17655.599609,251200
2022-09-07,17519.400391,17650.750000,17484.300781,17624.400391,17624.400391,354100
2022-09-08,17748.150391,17807.650391,17691.949219,17798.750000,17798.750000,279800
2022-09-09,17923.349609,17925.949219,17786.000000,17833.349609,17833.349609,270300
2022-09-12,17890.849609,17980.550781,17889.150391,17936.349609,17936.349609,228200
2022-09-13,18044.449219,18088.300781,18015.449219,18070.050781,18070.050781,259900
2022-09-14,17771.150391,18091.550781,17771.150391,18003.750000,18003.750000,365900
2022-09-15,18046.349609,18096.150391,17861.500000,17877.400391,17877.400391,289600
2022-09-16,17796.800781,17820.050781,17497.250000,17530.849609,17530.849609,468500
2022-09-19,17540.650391,17667.199219,17429.699219,17622.250000,17622.250000,258300
2022-09-20,17770.400391,17919.300781,17744.400391,17816.250000,17816.250000,263100
2022-09-21,17766.349609,17838.699219,17663.599609,17718.349609,17718.349609,245500
2022-09-22,17609.650391,17722.750000,17532.449219,17629.800781,17629.800781,284100
2022-09-23,17593.849609,17642.150391,17291.650391,17327.349609,17327.349609,390800
2022-09-26,17156.300781,17196.400391,16978.300781,17016.300781,17016.300781,492000
2022-09-27,17110.900391,17176.449219,16942.349609,17007.400391,17007.400391,359900
2022-09-28,16870.550781,17037.599609,16820.400391,16858.599609,16858.599609,323900
2022-09-29,16993.599609,17026.050781,16788.599609,16818.099609,16818.099609,340000
2022-09-30,16798.050781,17187.099609,16747.699219,17094.349609,17094.349609,376100
2022-10-03,17102.099609,17114.650391,16855.550781,16887.349609,16887.349609,278400
2022-10-04,17147.449219,17287.300781,17117.300781,17274.300781,17274.300781,226000
2022-10-06,17379.250000,17428.800781,17315.650391,17331.800781,17331.800781,265500
2022-10-07,17287.199219,17337.349609,17216.949219,17314.650391,17314.650391,216300
2022-10-10,17094.349609,17280.150391,17064.699219,17241.000000,17241.000000,234000
2022-10-11,17256.050781,17261.800781,16950.300781,16983.550781,16983.550781,282600
2022-10-12,17025.550781,17142.349609,16960.050781,17123.599609,17123.599609,256000
2022-10-13,17087.349609,17112.349609,16956.949219,17014.349609,17014.349609,266400
2022-10-14,17322.300781,17348.550781,17169.750000,17185.699219,17185.699219,227000
2022-10-17,17144.800781,17328.550781,17098.550781,17311.800781,17311.800781,212200
2022-10-18,17438.750000,17527.800781,17434.050781,17486.949219,17486.949219,239500
2022-10-19,17568.150391,17607.599609,17472.849609,17512.250000,17512.250000,210500
2022-10-20,17423.099609,17584.150391,17421.000000,17563.949219,17563.949219,249600
2022-10-21,17622.849609,17670.150391,17520.750000,17576.300781,17576.300781,277700
2022-10-24,17736.349609,17777.550781,17707.400391,17730.750000,17730.750000,45000
2022-10-25,17808.300781,17811.500000,17637.000000,17656.349609,17656.349609,251400
2022-10-27,17771.400391,17783.900391,17654.500000,17736.949219,17736.949219,324600
2022-10-28,17756.400391,17838.900391,17723.699219,17786.800781,17786.800781,250000
2022-10-31,17910.199219,18022.800781,17899.900391,18012.199219,18012.199219,227200
2022-11-01,18130.699219,18175.800781,18060.150391,18145.400391,18145.400391,349900
2022-11-02,18177.900391,18178.750000,18048.650391,18082.849609,18082.849609,270900
2022-11-03,17968.349609,18106.300781,17959.199219,18052.699219,18052.699219,213000
2022-11-04,18053.400391,18135.099609,18017.150391,18117.150391,18117.150391,267900
2022-11-07,18211.750000,18255.500000,18064.750000,18202.800781,18202.800781,314800
2022-11-09,18288.250000,18296.400391,18117.500000,18157.000000,18157.000000,307200
2022-11-10,18044.349609,18103.099609,17969.400391,18028.199219,18028.199219,256500
2022-11-11,18272.349609,18362.300781,18259.349609,18349.699219,18349.699219,378500
2022-11-14,18376.400391,18399.449219,18311.400391,18329.150391,18329.150391,301400
2022-11-15,18362.750000,18427.949219,18282.000000,18403.400391,18403.400391,250900
2022-11-16,18398.250000,18442.150391,18344.150391,18409.650391,18409.650391,219300
2022-11-17,18358.699219,18417.599609,18312.949219,18343.900391,18343.900391,200500
2022-11-18,18382.949219,18394.599609,18209.800781,18307.650391,18307.650391,198800
2022-11-21,18246.400391,18262.300781,18133.349609,18159.949219,18159.949219,213800
2022-11-22,18179.150391,18261.849609,18137.699219,18244.199219,18244.199219,177700
2022-11-23,18325.199219,18325.400391,18246.000000,18267.250000,18267.250000,178800
2022-11-24,18326.099609,18529.699219,18294.250000,18484.099609,18484.099609,204000
2022-11-25,18528.449219,18534.900391,18445.099609,18512.750000,18512.750000,205900
2022-11-28,18430.550781,18614.250000,18365.599609,18562.750000,18562.750000,206500
2022-11-29,18552.449219,18678.099609,18552.150391,18618.050781,18618.050781,195300
2022-11-30,18625.699219,18816.050781,18616.550781,18758.349609,18758.349609,345600
2022-12-01,18871.949219,18887.599609,18778.199219,18812.500000,18812.500000,325000
2022-12-02,18752.400391,18781.949219,18639.199219,18696.099609,18696.099609,254400
2022-12-05,18719.550781,18728.599609,18591.349609,18701.050781,18701.050781,288400
2022-12-06,18600.650391,18654.900391,18577.900391,18642.750000,18642.750000,217800
2022-12-07,18638.849609,18668.300781,18528.400391,18560.500000,18560.500000,200500
2022-12-08,18570.849609,18625.000000,18536.949219,18609.349609,18609.349609,202800
2022-12-09,18662.400391,18664.699219,18410.099609,18496.599609,18496.599609,215800
2022-12-12,18402.150391,18521.550781,18345.699219,18497.150391,18497.150391,193900
2022-12-13,18524.400391,18617.250000,18490.199219,18608.000000,18608.000000,187600
2022-12-14,18671.250000,18696.099609,18632.900391,18660.300781,18660.300781,208000
2022-12-15,18614.400391,18652.900391,18387.699219,18414.900391,18414.900391,183100
2022-12-16,18319.099609,18440.949219,18255.150391,18269.000000,18269.000000,277700
2022-12-19,18288.099609,18431.650391,18244.550781,18420.449219,18420.449219,154800
2022-12-20,18340.300781,18404.900391,18202.650391,18385.300781,18385.300781,169000
2022-12-21,18435.150391,18473.349609,18162.750000,18199.099609,18199.099609,187600
2022-12-22,18288.800781,18318.750000,18068.599609,18127.349609,18127.349609,195700
2022-12-23,17977.650391,18050.449219,17779.500000,17806.800781,17806.800781,221500
2022-12-26,17830.400391,18084.099609,17774.250000,18014.599609,18014.599609,176700
2022-12-27,18089.800781,18149.250000,17967.449219,18132.300781,18132.300781,214300
2022-12-28,18084.750000,18173.099609,18068.349609,18122.500000,18122.500000,193900
2022-12-29,18045.699219,18229.699219,17992.800781,18191.000000,18191.000000,281100
2022-12-30,18259.099609,18265.250000,18080.300781,18105.300781,18105.300781,192000
2023-01-02,18131.699219,18215.150391,18086.500000,18197.449219,18197.449219,256100
2023-01-03,18163.199219,18251.949219,18149.800781,18232.550781,18232.550781,208700
2023-01-04,18230.650391,18243.000000,18020.599609,18042.949219,18042.949219,235200
2023-01-05,18101.949219,18120.300781,17892.599609,17992.150391,17992.150391,269900
2023-01-06,18008.050781,18047.400391,17795.550781,17859.449219,17859.449219,238200
2023-01-09,17952.550781,18141.400391,17936.150391,18101.199219,18101.199219,257200
2023-01-10,18121.300781,18127.599609,17856.000000,17914.150391,17914.150391,283300
2023-01-11,17924.250000,17976.349609,17824.349609,17895.699219,17895.699219,259900
2023-01-12,17920.849609,17945.800781,17761.650391,17858.199219,17858.199219,227800
2023-01-13,17867.500000,17999.349609,17774.250000,17956.599609,17956.599609,256700
2023-01-16,18033.150391,18049.650391,17853.650391,17894.849609,17894.849609,206200
2023-01-17,17922.800781,18072.050781,17886.949219,18053.300781,18053.300781,219100
2023-01-18,18074.300781,18183.750000,18032.449219,18165.349609,18165.349609,255800
2023-01-19,18119.800781,18155.199219,18063.750000,18107.849609,18107.849609,237800
2023-01-20,18115.599609,18145.449219,18016.199219,18027.650391,18027.650391,237200
2023-01-23,18118.449219,18162.599609,18063.449219,18118.550781,18118.550781,202500
2023-01-24,18183.949219,18201.250000,18078.650391,18118.300781,18118.300781,216900
2023-01-25,18093.349609,18100.599609,17846.150391,17891.949219,17891.949219,257200
2023-01-27,17877.199219,17884.750000,17493.550781,17604.349609,17604.349609,476300
2023-01-30,17541.949219,17709.150391,17405.550781,17648.949219,17648.949219,432400
2023-01-31,17731.449219,17735.699219,17537.550781,17662.150391,17662.150391,398300
2023-02-01,17811.599609,17972.199219,17353.400391,17616.300781,17616.300781,512900
2023-02-02,17517.099609,17653.900391,17445.949219,17610.400391,17610.400391,490100
2023-02-03,17721.750000,17870.300781,17584.199219,17854.050781,17854.050781,424100
2023-02-06,17818.550781,17823.699219,17698.349609,17764.599609,17764.599609,282500
2023-02-07,17790.099609,17811.150391,17652.550781,17721.500000,17721.500000,354400
2023-02-08,17750.300781,17898.699219,17744.150391,17871.699219,17871.699219,291000
2023-02-09,17885.500000,17916.900391,17779.800781,17893.449219,17893.449219,260900
2023-02-10,17847.550781,17876.949219,17801.000000,17856.500000,17856.500000,232000
2023-02-13,17859.099609,17880.699219,17719.750000,17770.900391,17770.900391,231300
2023-02-14,17840.349609,17954.550781,17800.050781,17929.849609,17929.849609,244500
2023-02-15,17896.599609,18034.099609,17853.800781,18015.849609,18015.849609,229300
2023-02-16,18094.750000,18134.750000,18000.650391,18035.849609,18035.849609,230200
2023-02-17,17974.849609,18034.250000,17884.599609,17944.199219,17944.199219,208100
2023-02-20,17965.550781,18004.349609,17818.400391,17844.599609,17844.599609,174600
2023-02-21,17905.800781,17924.900391,17800.300781,17826.699219,17826.699219,198200
2023-02-22,17755.349609,17772.500000,17529.449219,17554.300781,17554.300781,204000
2023-02-23,17574.650391,17620.050781,17455.400391,17511.250000,17511.250000,240800
2023-02-24,17591.349609,17599.750000,17421.800781,17465.800781,17465.800781,209400
2023-02-27,17428.599609,17451.599609,17299.000000,17392.699219,17392.699219,246400
2023-02-28,17383.250000,17440.449219,17255.199219,17303.949219,17303.949219,420900
2023-03-01,17360.099609,17467.750000,17345.250000,17450.900391,17450.900391,272900
2023-03-02,17421.500000,17445.800781,17306.000000,17321.900391,17321.900391,310700
2023-03-03,17451.250000,17644.750000,17427.699219,17594.349609,17594.349609,356200
2023-03-06,17680.349609,17799.949219,17671.949219,17711.449219,17711.449219,362800
2023-03-08,17665.750000,17766.500000,17602.250000,17754.400391,17754.400391,267000
2023-03-09,17772.050781,17772.349609,17573.599609,17589.599609,17589.599609,262400
2023-03-10,17443.800781,17451.500000,17324.349609,17412.900391,17412.900391,235900
2023-03-13,17421.900391,17529.900391,17113.449219,17154.300781,17154.300781,254900
2023-03-14,17160.550781,17224.650391,16987.099609,17043.300781,17043.300781,290600
2023-03-15,17166.449219,17211.349609,16938.900391,16972.150391,16972.150391,248200
2023-03-16,16994.650391,17062.449219,16850.150391,16985.599609,16985.599609,349800
2023-03-17,17111.800781,17145.800781,16958.150391,17100.050781,17100.050781,408100
2023-03-20,17066.599609,17066.599609,16828.349609,16988.400391,16988.400391,241800
2023-03-21,17060.400391,17127.699219,17016.000000,17107.500000,17107.500000,246700
2023-03-22,17177.449219,17207.250000,17107.849609,17151.900391,17151.900391,0
2023-03-23,17097.400391,17205.400391,17045.300781,17076.900391,17076.900391,219200
2023-03-24,17076.199219,17109.449219,16917.349609,16945.050781,16945.050781,228000
2023-03-27,16984.300781,17091.000000,16918.550781,16985.699219,16985.699219,218400
2023-03-28,17031.750000,17061.750000,16913.750000,16951.699219,16951.699219,238800
2023-03-29,16977.300781,17126.150391,16940.599609,17080.699219,17080.699219,345900
2023-03-31,17210.349609,17381.599609,17204.650391,17359.750000,17359.750000,263900
2023-04-03,17427.949219,17428.050781,17312.750000,17398.050781,17398.050781,230200
2023-04-05,17422.300781,17570.550781,17402.699219,17557.050781,17557.050781,248300
2023-04-06,17533.849609,17638.699219,17502.849609,17599.150391,17599.150391,242700
2023-04-10,17634.900391,17694.099609,17597.949219,17624.050781,17624.050781,254800
2023-04-11,17704.800781,17748.750000,17655.150391,17722.300781,17722.300781,304300
2023-04-12,17759.550781,17825.750000,17717.250000,17812.400391,17812.400391,232800
2023-04-13,17807.300781,17842.150391,17729.650391,17828.000000,17828.000000,285800
2023-04-17,17863.000000,17863.000000,17574.050781,17706.849609,17706.849609,357400
2023-04-18,17766.599609,17766.599609,17610.199219,17660.150391,17660.150391,258900
2023-04-19,17653.349609,17666.150391,17579.849609,17618.750000,17618.750000,281500
2023-04-20,17638.599609,17684.449219,17584.349609,17624.449219,17624.449219,215100
2023-04-21,17639.750000,17663.199219,17553.949219,17624.050781,17624.050781,230200
2023-04-24,17707.550781,17754.500000,17612.500000,17743.400391,17743.400391,255700
2023-04-25,17761.550781,17807.449219,17716.849609,17769.250000,17769.250000,297400
2023-04-26,17767.300781,17827.750000,17711.199219,17813.599609,17813.599609,233000
2023-04-27,17813.099609,17931.599609,17797.900391,17915.050781,17915.050781,241400
2023-04-28,17950.400391,18089.150391,17885.300781,18065.000000,18065.000000,290300
2023-05-02,18124.800781,18180.250000,18101.750000,18147.650391,18147.650391,265200
2023-05-03,18113.800781,18116.349609,18042.400391,18089.849609,18089.849609,226200
2023-05-04,18081.000000,18267.449219,18066.699219,18255.800781,18255.800781,226600
2023-05-05,18117.300781,18216.949219,18055.449219,18069.000000,18069.000000,239700
2023-05-08,18120.599609,18286.949219,18100.300781,18264.400391,18264.400391,228400
2023-05-09,18303.400391,18344.199219,18229.650391,18265.949219,18265.949219,245400
2023-05-10,18313.599609,18326.750000,18211.949219,18315.099609,18315.099609,220500
2023-05-11,18357.800781,18389.699219,18270.400391,18297.000000,18297.000000,248900
2023-05-12,18273.750000,18342.750000,18194.550781,18314.800781,18314.800781,241700
2023-05-15,18339.300781,18458.900391,18287.900391,18398.849609,18398.849609,216100
2023-05-16,18432.349609,18432.349609,18264.349609,18286.500000,18286.500000,219500
2023-05-17,18300.449219,18309.000000,18115.349609,18181.750000,18181.750000,229900
2023-05-18,18287.500000,18297.199219,18104.849609,18129.949219,18129.949219,272100
2023-05-19,18186.150391,18218.099609,18060.400391,18203.400391,18203.400391,260900
2023-05-22,18201.099609,18335.250000,18178.849609,18314.400391,18314.400391,262600
2023-05-23,18362.900391,18419.750000,18324.199219,18348.000000,18348.000000,270400
2023-05-24,18294.800781,18392.599609,18262.949219,18285.400391,18285.400391,232600
2023-05-25,18268.900391,18338.099609,18202.400391,18321.150391,18321.150391,235900
2023-05-26,18368.349609,18508.550781,18333.150391,18499.349609,18499.349609,198700
2023-05-29,18619.150391,18641.199219,18581.250000,18598.650391,18598.650391,265300
2023-05-30,18606.650391,18662.449219,18575.500000,18633.849609,18633.849609,234400
2023-05-31,18594.199219,18603.900391,18483.849609,18534.400391,18534.400391,696500
2023-06-01,18579.400391,18580.300781,18464.550781,18487.750000,18487.750000,265600
2023-06-02,18550.849609,18573.699219,18478.400391,18534.099609,18534.099609,270900
2023-06-05,18612.000000,18640.150391,18582.800781,18593.849609,18593.849609,256100
2023-06-06,18600.800781,18622.750000,18531.599609,18599.000000,18599.000000,0